{
    "openapi": "3.0.0",
    "info": {
      "title": "Ferremax API",
      "version": "1.0.0",
      "description": "API para gestionar productos de Ferretería"
    },
    "paths": {
      "/productos": {
        "get": {
          "summary": "Obtener todos los productos",
          "description": "Retorna todos los productos disponibles.",
          "responses": {
            "200": {
              "description": "Lista de productos obtenida exitosamente",
              "content": {
                "application/json": {
                  "schema": {
                    "type": "array",
                    "items": {
                      "type": "object",
                      "properties": {
                        "id": { "type": "integer", "description": "ID del producto" },
                        "nombre": { "type": "string", "description": "Nombre del producto" },
                        "precio": { "type": "number", "description": "Precio del producto en la moneda local" },
                        "precio_en_dolares": { "type": "string", "description": "Precio del producto en dólares" },
                        "valor_dolar_dia": { "type": "string", "description": "Valor del dólar en el día de la actualización" },
                        "dolar_actualizado": { "type": "string", "format": "date-time", "description": "Fecha y hora de la última actualización del valor del dólar" }
                      }
                    }
                  }
                }
              }
            }
          }
        }
      },
      "/productos/{id}": {
        "get": {
          "summary": "Obtener un producto por ID",
          "description": "Retorna un producto específico basado en su ID.",
          "parameters": [
            {
              "in": "path",
              "name": "id",
              "required": true,
              "description": "ID del producto a obtener",
              "schema": {
                "type": "integer",
                "format": "int32"
              }
            }
          ],
          "responses": {
            "200": {
              "description": "Producto obtenido exitosamente",
              "content": {
                "application/json": {
                  "schema": {
                    "type": "object"
                  }
                }
              }
            },
            "404": {
              "description": "Producto no encontrado",
              "content": {
                "application/json": {
                  "schema": {
                    "type": "object",
                    "properties": {
                      "message": { "type": "string", "example": "El producto no se encuentra disponible." }
                    }
                  }
                }
              }
            },
            "500": {
              "description": "Error interno del servidor",
              "content": {
                "application/json": {
                  "schema": {
                    "type": "object",
                    "properties": {
                      "message": { "type": "string", "example": "Error en el servidor" }
                    }
                  }
                }
              }
            }
          }
        }
      },
      "/productos/nombre/{nombre}": {
        "get": {
          "summary": "Obtener un producto por nombre",
          "description": "Retorna un producto específico basado en su nombre.",
          "parameters": [
            {
              "in": "path",
              "name": "nombre",
              "required": true,
              "description": "Nombre del producto a obtener",
              "schema": {
                "type": "string"
              }
            }
          ],
          "responses": {
            "200": {
              "description": "Producto obtenido exitosamente",
              "content": {
                "application/json": {
                  "schema": {
                    "type": "array"
                  }
                }
              }
            },
            "404": {
              "description": "Producto no encontrado",
              "content": {
                "application/json": {
                  "schema": {
                    "type": "object",
                    "properties": {
                      "message": { "type": "string", "example": "El producto no se encuentra disponible." }
                    }
                  }
                }
              }
            },
            "500": {
              "description": "Error interno del servidor",
              "content": {
                "application/json": {
                  "schema": {
                    "type": "object",
                    "properties": {
                      "message": { "type": "string", "example": "Error en el servidor" }
                    }
                  }
                }
              }
            }
          }
        }
      }
    }
  }
  